Station Id;Station;Précédent;Suivant;Temps entre 2 stations;Temps de Changement
1;Porte Maillot;;2;0;0
2;Argentine;1;3;1;0
3;Charles de Gaulle - Etoile;2;4;1;4
4;George V;3;5;1;0
5;Franklin D. Roosevelt;4;6;1;3
6;Champs-Elysées - Clemenceau;5;7;2;3
7;Concorde;6;8;1;3
8;Tuileries;7;9;1;0
9;Palais Royal - Musée du Louvre;8;10;1;4
10;Louvre - Rivoli;9;11;1;0
11;Châtelet;10;12;1;4
12;Hôtel de Ville;11;13;1;2
13;Saint-Paul (Le Marais);12;14;2;0
14;Bastille;13;15;2;3
15;Gare de Lyon;14;16;4;4
16;Reuilly - Diderot;15;17;2;2
17;Nation;16;18;2;4
18;Porte de Vincennes;17;19;2;0
19;Château de Vincennes;18;;1;0
20;Porte Dauphine;;21;0;0
21;Victor Hugo;20;22;2;0
22;Charles de Gaulle - Etoile;21;23;2;4
23;Ternes;22;24;1;0
24;Courcelles;23;25;1;0
25;Monceau;24;26;1;0
26;Villiers;25;27;1;3
27;Rome;26;28;1;0
28;Place de Clichy;27;29;2;3
29;Blanche;28;30;1;0
30;Pigalle;29;31;1;3
31;Anvers;30;32;1;0
32;Barbès - Rochechouart;31;33;1;4
33;La Chapelle;32;34;1;2
34;Stalingrad;33;35;1;3
35;Jaurès;34;36;1;3
36;Colonel Fabien;35;37;1;0
37;Belleville;36;38;1;3
38;Couronnes;37;39;1;0
39;Ménilmontant;38;40;1;0
40;Père Lachaise;39;41;1;3
41;Philippe Auguste;40;42;1;0
42;Alexandre Dumas;41;43;1;0
43;Avron;42;44;1;0
44;Nation;43;;2;4
45;Porte de Champerret;;46;0;0
46;Pereire;45;47;1;0
47;Wagram;46;48;1;0
48;Malesherbes;47;49;1;0
49;Villiers;48;50;2;3
50;Europe;49;51;1;0
51;Saint-Lazare;50;52;1;4
52;Havre-Caumartin;51;53;1;3
53;Opéra;52;54;1;4
54;Quatre Septembre;53;55;1;0
55;Bourse;54;56;1;0
56;Sentier;55;57;1;0
57;Réaumur - Sébastopol;56;58;1;3
58;Arts et Métiers;57;59;1;3
59;Temple;58;60;1;0
60;République;59;61;1;4
61;Parmentier;60;62;1;0
62;Rue Saint-Maur;61;63;1;0
63;Père Lachaise;62;64;1;3
64;Gambetta;63;65;2;3
65;Porte de Bagnolet;64;66;1;0
66;Porte des Lilas;65;67;0;3
67;Saint-Fargeau;66;68;1;0
68;Pelleport;67;69;1;0
69;Gambetta;68;;1;3
70;Porte de Clignancourt;;71;0;0
71;Simplon;70;72;1;0
72;Marcadet - Poissonniers;71;73;1;3
73;Château Rouge;72;74;1;0
74;Barbès - Rochechouart;73;75;1;4
75;Gare du Nord;74;76;1;4
76;Gare de l'Est;75;77;1;4
77;Château d'Eau;76;78;1;0
78;Strasbourg - Saint-Denis;77;79;1;4
79;Réaumur - Sébastopol;78;80;1;3
80;Etienne Marcel;79;81;1;0
81;Les Halles;80;82;1;3
82;Châtelet;81;83;1;4
83;Cité;82;84;1;0
84;Saint-Michel;83;85;1;3
85;Odéon;84;86;1;3
86;Saint-Germain-des-Prés;85;87;1;0
87;Saint-Sulpice;86;88;1;0
88;Saint-Placide;87;89;1;0
89;Montparnasse Bienvenue;88;90;1;4
90;Vavin;89;91;2;0
91;Raspail;90;92;1;3
92;Denfert-Rochereau;91;93;1;4
93;Mouton-Duvernet;92;94;1;0
94;Alésia;93;95;1;0
95;Porte d'Orléans;94;;2;0
96;Porte de Pantin;;97;0;0
97;Ourcq;96;98;1;0
98;Laumière;97;99;1;0
99;Jaurès;98;100;2;3
100;Stalingrad;99;101;1;3
101;Gare du Nord;100;102;2;4
102;Gare de l'Est;101;103;1;4
103;Jacques Bonsergent;102;104;1;0
104;République;103;105;1;4
105;Oberkampf;104;106;1;3
106;Richard-Lenoir;105;107;1;0
107;Bréguet-Sabin;106;108;1;0
108;Bastille;107;109;1;4
109;Quai de la Rapée;108;110;1;0
110;Gare d'Austerlitz;109;111;1;3
111;Saint-Marcel;110;112;1;0
112;Campo-Formio;111;113;1;0
113;Place d'Italie;112;;2;4
114;Charles de Gaulle - Etoile;;115;0;4
115;Kléber;114;116;1;0
116;Boissière;115;117;1;0
117;Trocadéro;116;118;1;3
118;Passy;117;119;1;0
119;Bir-Hakeim;118;120;1;3
120;Dupleix;119;121;1;0
121;La Motte-Picquet - Grenelle;120;122;1;4
122;Cambronne;121;123;1;0
123;Sèvres-Lecourbe;122;124;1;0
124;Pasteur;123;125;1;3
125;Montparnasse Bienvenue;124;126;1;4
126;Edgar Quinet;125;127;1;0
127;Raspail;126;128;1;3
128;Denfert-Rochereau;127;129;1;4
129;Saint-Jacques;128;130;1;0
130;Glacière;129;131;1;0
131;Corvisart;130;132;1;0
132;Place d'Italie;131;133;1;4
133;Nationale;132;134;1;0
134;Chevaleret;133;135;1;0
135;Quai de la Gare;134;136;1;0
136;Bercy;135;137;1;3
137;Dugommier;136;138;1;0
138;Daumesnil;137;139;1;3
139;Bel-Air;138;140;1;0
140;Picpus;139;141;1;0
141;Nation;140;;2;4
142;Porte de la Villette;;143;0;0
143;Corentin Cariou;142;144;1;0
144;Crimée;143;145;1;0
145;Riquet;144;146;1;0
146;Stalingrad;145;147;1;3
147;Louis Blanc;146;148;1;3
148;Château Landon;147;149;1;0
149;Gare de l'Est;148;150;1;4
150;Poissonnière;149;151;1;0
151;Cadet;150;152;1;0
152;Le Peletier;151;153;1;0
153;Chaussée d'Antin - La Fayette;152;154;1;4
154;Opéra;153;155;1;2
155;Pyramides;154;156;1;0
156;Palais Royal - Musée du Louvre;155;157;1;0
157;Pont Neuf;156;158;1;0
158;Châtelet;157;159;1;0
159;Pont Marie (Cité des Arts);158;160;1;3
160;Sully - Morland;159;161;1;2
161;Jussieu;160;162;1;2
162;Place Monge;161;163;1;0
163;Censier - Daubenton;162;164;1;4
164;Les Gobelins;163;165;1;3
165;Place d'Italie;164;166;1;0
166;Tolbiac;165;167;1;0
167;Maison Blanche;166;168;1;0
168;Porte d'Italie;167;169;1;0
169;Porte de Choisy;168;170;1;0
170;Porte d'Ivry;169;171;1;0
171;Maison Blanche;170;172;2;0
172;Louis Blanc;171;173;0;2
173;Jaurès;172;174;2;0
174;Bolivar;173;175;1;0
175;Buttes Chaumont;174;176;1;0
176;Botzaris;175;177;1;0
177;Place des Fêtes;176;178;1;3
178;Pré-Saint-Gervais;177;179;1;0
179;Danube;178;180;0;0
180;Botzaris;179;181;1;0
181;Balard;180;182;0;0
182;Lourmel;181;183;1;2
183;Boucicaut;182;184;1;0
184;Félix Faure;183;185;1;0
185;Commerce;184;186;1;4
186;La Motte-Picquet - Grenelle;185;187;1;4
187;Ecole Militaire;186;188;1;3
188;La Tour-Maubourg;187;189;1;0
189;Invalides;188;190;1;0
190;Concorde;189;191;2;2
191;Madeleine;190;192;1;0
192;Opéra;191;193;1;0
193;Richelieu - Drouot;192;194;1;0
194;Grands Boulevards;193;195;1;0
195;Bonne Nouvelle;194;196;1;4
196;Strasbourg - Saint-Denis;195;197;1;0
197;République;196;198;1;2
198;Filles du Calvaire;197;199;1;0
199;Saint-Sébastien - Froissart;198;200;1;0
200;Chemin Vert;199;201;1;0
201;Bastille;200;202;1;0
202;Ledru-Rollin;201;203;1;4
203;Faidherbe - Chaligny;202;204;1;3
204;Reuilly - Diderot;203;205;1;4
205;Montgallet;204;206;1;3
206;Daumesnil;205;207;1;0
207;Michel Bizot;206;208;1;4
208;Porte Dorée;207;209;1;0
209;Porte de Charenton;208;;1;0
210;Porte de Saint-Cloud;;211;0;0
211;Exelmans;210;212;1;0
212;Michel-Ange - Molitor;211;213;1;0
213;Michel-Ange - Auteuil;212;214;1;0
214;Jasmin;213;215;1;3
215;Ranelagh;214;216;1;0
216;La Muette;215;217;1;0
217;Rue de la Pompe;216;218;2;0
218;Trocadéro;217;219;1;0
219;Iéna;218;220;1;3
220;Alma - Marceau;219;221;1;0
221;Franklin D. Roosevelt;220;222;2;4
222;Saint-Philippe du Roule;221;223;1;3
223;Miromesnil;222;224;1;0
224;Saint-Augustin;223;225;1;0
225;Havre-Caumartin;224;226;1;3
226;Chaussée d'Antin - La Fayette;225;227;1;2
227;Richelieu - Drouot;226;228;1;2
228;Grands Boulevards;227;229;1;3
229;Bonne Nouvelle;228;230;1;0
230;Strasbourg - Saint-Denis;229;231;1;0
231;République;230;232;1;0
232;Oberkampf;231;233;1;3
233;Saint-Ambroise;232;234;1;2
234;Voltaire;233;235;1;0
235;Charonne;234;236;1;0
236;Rue des Boulets;235;237;1;0
237;Nation;236;238;1;0
238;Buzenval;237;239;1;2
239;Maraîchers;238;240;1;2
240;Porte de Montreuil;239;;1;3
241;Gare d'Austerlitz;;242;0;0
242;Jussieu;241;243;1;0
243;Cardinal Lemoine;242;244;1;2
244;Maubert - Mutualité;243;245;1;3
245;Cluny - La Sorbonne;244;246;1;0
246;Odéon;245;247;1;3
247;Mabillon;246;248;1;0
248;Sèvres - Babylone;247;249;1;0
249;Vaneau;248;250;1;0
250;Duroc;249;251;1;0
251;Ségur;250;252;1;0
252;La Motte-Picquet - Grenelle;251;253;1;0
253;Avenue Emile Zola;252;254;1;2
254;Charles Michels;253;255;1;0
255;Javel - André Citroën;254;256;1;0
256;Eglise d'Auteuil;255;257;1;4
257;Michel-Ange - Auteuil;256;258;1;0
258;Porte d'Auteuil;257;259;1;0
259;Michel-Ange - Molitor;258;260;1;3
260;Chardon Lagache;259;261;1;0
261;Mirabeau;260;;1;0
262;Châtelet;;263;0;0
263;Hôtel de Ville;262;264;1;0
264;Rambuteau;263;265;1;4
265;Arts et Métiers;264;266;1;3
266;République;265;267;1;2
267;Goncourt;266;268;1;3
268;Belleville;267;269;1;3
269;Pyrénées;268;270;1;0
270;Jourdain;269;271;1;3
271;Place des Fêtes;270;272;1;0
272;Télégraphe;271;273;1;3
273;Porte des Lilas;272;;1;3
274;Porte de la Chapelle;;275;0;0
275;Marx Dormoy;274;276;1;0
276;Marcadet - Poissonniers;275;277;1;0
277;Jules Joffrin;276;278;1;0
278;Lamarck - Caulaincourt;277;279;1;3
279;Abbesses;278;280;1;3
280;Pigalle;279;281;1;0
281;Saint-Georges;280;282;1;0
282;Notre-Dame-de-Lorette;281;283;1;0
283;Trinité - d'Estienne d'Orves;282;284;1;0
284;Saint-Lazare;283;285;1;0
285;Madeleine;284;286;1;0
286;Concorde;285;287;1;4
287;Assemblée Nationale;286;288;1;0
288;Solférino;287;289;1;0
289;Rue du Bac;288;290;1;2
290;Sèvres - Babylone;289;291;1;0
291;Rennes;290;292;1;4
292;Notre-Dame des Champs;291;293;1;4
293;Montparnasse Bienvenue;292;294;1;0
294;Falguière;293;295;1;0
295;Pasteur;294;296;1;0
296;Volontaires;295;297;1;0
297;Vaugirard;296;298;1;0
298;Convention;297;299;1;2
299;Porte de Versailles;298;;1;0
300;Porte de Vanves;;301;1;0
301;Plaisance;300;302;1;0
302;Pernety;301;303;1;4
303;Gaîté;302;304;1;0
304;Montparnasse Bienvenue;303;305;1;0
305;Duroc;304;306;1;0
306;Saint-François-Xavier;305;307;1;4
307;Varenne;306;308;1;0
308;Invalides;307;309;1;2
309;Champs-Elysées - Clemenceau;308;310;1;3
310;Miromesnil;309;311;1;0
311;Saint-Lazare;310;312;1;2
312;Liège;311;313;1;0
313;Place de Clichy;312;314;1;2
314;La Fourche;313;315;1;2
315;Guy Môquet;314;316;1;0
316;Porte de Saint-Ouen;315;317;1;0
317;La Fourche;316;318;1;3
318;Brochant;317;319;1;0
319;Porte de Clichy;318;;1;0
320;Porte de Clichy;;321;0;0
321;Pont Cardinet;320;322;1;0
322;Saint-Lazare;321;323;2;2
323;Madeleine;322;324;1;0
324;Pyramides;323;325;1;0
325;Châtelet;324;326;1;0
326;Gare de Lyon;325;327;3;2
327;Bercy;326;328;1;0
328;Cour Saint-Emilion;327;329;1;2
329;Bibliothèque François Mitterrand;328;330;1;0
330;Olympiades;329;331;2;4
331;Maison Blanche;330;;0;0
